"projectName","projectType","projectClass","projectManager","projectLeader","clientId","clientName","projectStartDate","projectEndDate","note","sales","costOfGoodsSold","sga","allocationOfCorpExpenses"
"プロジェクト一括登録００１","development","s","マネージャ","リーダ","1","１株式会社","","","","","","",""
"プロジェクト一括登録００２","development","s","マネージャ","リーダ","1","１株式会社","","","","","","",""
"プロジェクト一括登録００３","development","s","マネージャ","リーダ","1","１株式会社","","","","","","",""
"プロジェクト一括登録００４","development","s","マネージャ","リーダ","1","１株式会社","","","","","","",""
"プロジェクト一括登録００５","development","s","マネージャ","リーダ","1","１株式会社","","","","","","",""
"プロジェクト一括登録００６","development","s","マネージャ","リーダ","1","１株式会社","","","","","","",""
"プロジェクト一括登録００７","development","s","マネージャ","リーダ","1","１株式会社","","","","","","",""
"プロジェクト一括登録００８","development","s","マネージャ","リーダ","1","１株式会社","","","","","","",""
"プロジェクト一括登録００９","development","s","マネージャ","リーダ","1","１株式会社","","","","","","",""
"プロジェクト一括登録０１０","development","s","マネージャ","リーダ","1","１株式会社","","","","","","",""
"プロジェクト一括登録０１１","development","s","マネージャ","リーダ","1","１株式会社","","","","","","",""
"プロジェクト一括登録０１２","development","s","マネージャ","リーダ","1","１株式会社","","","","","","",""
"プロジェクト一括登録０１３","development","s","マネージャ","リーダ","1","１株式会社","","","","","","",""
"プロジェクト一括登録０１４","development","s","マネージャ","リーダ","1","１株式会社","","","","","","",""
"プロジェクト一括登録０１５","development","s","マネージャ","リーダ","1","１株式会社","","","","","","",""
"プロジェクト一括登録０１６","development","s","マネージャ","リーダ","1","１株式会社","","","","","","",""
"プロジェクト一括登録０１７","development","s","マネージャ","リーダ","1","１株式会社","","","","","","",""
"プロジェクト一括登録０１８","development","s","マネージャ","リーダ","1","１株式会社","","","","","","",""
"プロジェクト一括登録０１９","development","s","マネージャ","リーダ","1","１株式会社","","","","","","",""
"プロジェクト一括登録０２０","development","s","マネージャ","リーダ","1","１株式会社","","","","","","",""
"プロジェクト一括登録０２１","development","s","マネージャ","リーダ","1","１株式会社","","","","","","",""
"プロジェクト一括登録０２２","development","s","マネージャ","リーダ","1","１株式会社","","","","","","",""
"プロジェクト一括登録０２３","development","s","マネージャ","リーダ","1","１株式会社","","","","","","",""
"プロジェクト一括登録０２４","development","s","マネージャ","リーダ","1","１株式会社","","","","","","",""
"プロジェクト一括登録０２５","development","s","マネージャ","リーダ","1","１株式会社","","","","","","",""
"プロジェクト一括登録０２６","development","s","マネージャ","リーダ","1","１株式会社","","","","","","",""
"プロジェクト一括登録０２７","development","s","マネージャ","リーダ","1","１株式会社","","","","","","",""
"プロジェクト一括登録０２８","development","s","マネージャ","リーダ","1","１株式会社","","","","","","",""
"プロジェクト一括登録０２９","development","s","マネージャ","リーダ","1","１株式会社","","","","","","",""
"プロジェクト一括登録０３０","development","s","マネージャ","リーダ","1","１株式会社","","","","","","",""
"プロジェクト一括登録０３１","development","s","マネージャ","リーダ","1","１株式会社","","","","","","",""
"プロジェクト一括登録０３２","development","s","マネージャ","リーダ","1","１株式会社","","","","","","",""
"プロジェクト一括登録０３３","development","s","マネージャ","リーダ","1","１株式会社","","","","","","",""
"プロジェクト一括登録０３４","development","s","マネージャ","リーダ","1","１株式会社","","","","","","",""
"プロジェクト一括登録０３５","development","s","マネージャ","リーダ","1","１株式会社","","","","","","",""
"プロジェクト一括登録０３６","development","s","マネージャ","リーダ","1","１株式会社","","","","","","",""
"プロジェクト一括登録０３７","development","s","マネージャ","リーダ","1","１株式会社","","","","","","",""
"プロジェクト一括登録０３８","development","s","マネージャ","リーダ","1","１株式会社","","","","","","",""
"プロジェクト一括登録０３９","development","s","マネージャ","リーダ","1","１株式会社","","","","","","",""
"プロジェクト一括登録０４０","development","s","マネージャ","リーダ","1","１株式会社","","","","","","",""
"プロジェクト一括登録０４１","development","s","マネージャ","リーダ","1","１株式会社","","","","","","",""
"プロジェクト一括登録０４２","development","s","マネージャ","リーダ","1","１株式会社","","","","","","",""
"プロジェクト一括登録０４３","development","s","マネージャ","リーダ","1","１株式会社","","","","","","",""
"プロジェクト一括登録０４４","development","s","マネージャ","リーダ","1","１株式会社","","","","","","",""
"プロジェクト一括登録０４５","development","s","マネージャ","リーダ","1","１株式会社","","","","","","",""
"プロジェクト一括登録０４６","development","s","マネージャ","リーダ","1","１株式会社","","","","","","",""
"プロジェクト一括登録０４７","development","s","マネージャ","リーダ","1","１株式会社","","","","","","",""
"プロジェクト一括登録０４８","development","s","マネージャ","リーダ","1","１株式会社","","","","","","",""
"プロジェクト一括登録０４９","development","s","マネージャ","リーダ","1","１株式会社","","","","","","",""
"プロジェクト一括登録０５０","development","s","マネージャ","リーダ","1","１株式会社","","","","","","",""
"プロジェクト一括登録０５１","development","s","マネージャ","リーダ","1","１株式会社","","","","","","",""
"プロジェクト一括登録０５２","development","s","マネージャ","リーダ","1","１株式会社","","","","","","",""
"プロジェクト一括登録０５３","development","s","マネージャ","リーダ","1","１株式会社","","","","","","",""
"プロジェクト一括登録０５４","development","s","マネージャ","リーダ","1","１株式会社","","","","","","",""
"プロジェクト一括登録０５５","development","s","マネージャ","リーダ","1","１株式会社","","","","","","",""
"プロジェクト一括登録０５６","development","s","マネージャ","リーダ","1","１株式会社","","","","","","",""
"プロジェクト一括登録０５７","development","s","マネージャ","リーダ","1","１株式会社","","","","","","",""
"プロジェクト一括登録０５８","development","s","マネージャ","リーダ","1","１株式会社","","","","","","",""
"プロジェクト一括登録０５９","development","s","マネージャ","リーダ","1","１株式会社","","","","","","",""
"プロジェクト一括登録０６０","development","s","マネージャ","リーダ","1","１株式会社","","","","","","",""
"プロジェクト一括登録０６１","development","s","マネージャ","リーダ","1","１株式会社","","","","","","",""
"プロジェクト一括登録０６２","development","s","マネージャ","リーダ","1","１株式会社","","","","","","",""
"プロジェクト一括登録０６３","development","s","マネージャ","リーダ","1","１株式会社","","","","","","",""
"プロジェクト一括登録０６４","development","s","マネージャ","リーダ","1","１株式会社","","","","","","",""
"プロジェクト一括登録０６５","development","s","マネージャ","リーダ","1","１株式会社","","","","","","",""
"プロジェクト一括登録０６６","development","s","マネージャ","リーダ","1","１株式会社","","","","","","",""
"プロジェクト一括登録０６７","development","s","マネージャ","リーダ","1","１株式会社","","","","","","",""
"プロジェクト一括登録０６８","development","s","マネージャ","リーダ","1","１株式会社","","","","","","",""
"プロジェクト一括登録０６９","development","s","マネージャ","リーダ","1","１株式会社","","","","","","",""
"プロジェクト一括登録０７０","development","s","マネージャ","リーダ","1","１株式会社","","","","","","",""
"プロジェクト一括登録０７１","development","s","マネージャ","リーダ","1","１株式会社","","","","","","",""
"プロジェクト一括登録０７２","development","s","マネージャ","リーダ","1","１株式会社","","","","","","",""
"プロジェクト一括登録０７３","development","s","マネージャ","リーダ","1","１株式会社","","","","","","",""
"プロジェクト一括登録０７４","development","s","マネージャ","リーダ","1","１株式会社","","","","","","",""
"プロジェクト一括登録０７５","development","s","マネージャ","リーダ","1","１株式会社","","","","","","",""
"プロジェクト一括登録０７６","development","s","マネージャ","リーダ","1","１株式会社","","","","","","",""
"プロジェクト一括登録０７７","development","s","マネージャ","リーダ","1","１株式会社","","","","","","",""
"プロジェクト一括登録０７８","development","s","マネージャ","リーダ","1","１株式会社","","","","","","",""
"プロジェクト一括登録０７９","development","s","マネージャ","リーダ","1","１株式会社","","","","","","",""
"プロジェクト一括登録０８０","development","s","マネージャ","リーダ","1","１株式会社","","","","","","",""
"プロジェクト一括登録０８１","development","s","マネージャ","リーダ","1","１株式会社","","","","","","",""
"プロジェクト一括登録０８２","development","s","マネージャ","リーダ","1","１株式会社","","","","","","",""
"プロジェクト一括登録０８３","development","s","マネージャ","リーダ","1","１株式会社","","","","","","",""
"プロジェクト一括登録０８４","development","s","マネージャ","リーダ","1","１株式会社","","","","","","",""
"プロジェクト一括登録０８５","development","s","マネージャ","リーダ","1","１株式会社","","","","","","",""
"プロジェクト一括登録０８６","development","s","マネージャ","リーダ","1","１株式会社","","","","","","",""
"プロジェクト一括登録０８７","development","s","マネージャ","リーダ","1","１株式会社","","","","","","",""
"プロジェクト一括登録０８８","development","s","マネージャ","リーダ","1","１株式会社","","","","","","",""
"プロジェクト一括登録０８９","development","s","マネージャ","リーダ","1","１株式会社","","","","","","",""
"プロジェクト一括登録０９０","development","s","マネージャ","リーダ","1","１株式会社","","","","","","",""
"プロジェクト一括登録０９１","development","s","マネージャ","リーダ","1","１株式会社","","","","","","",""
"プロジェクト一括登録０９２","development","s","マネージャ","リーダ","1","１株式会社","","","","","","",""
"プロジェクト一括登録０９３","development","s","マネージャ","リーダ","1","１株式会社","","","","","","",""
"プロジェクト一括登録０９４","development","s","マネージャ","リーダ","1","１株式会社","","","","","","",""
"プロジェクト一括登録０９５","development","s","マネージャ","リーダ","1","１株式会社","","","","","","",""
"プロジェクト一括登録０９６","development","s","マネージャ","リーダ","1","１株式会社","","","","","","",""
"プロジェクト一括登録０９７","development","s","マネージャ","リーダ","1","１株式会社","","","","","","",""
"プロジェクト一括登録０９８","development","s","マネージャ","リーダ","1","１株式会社","","","","","","",""
"プロジェクト一括登録０９９","development","s","マネージャ","リーダ","1","１株式会社","","","","","","",""
"プロジェクト一括登録１００","development","s","マネージャ","リーダ","1","１株式会社","","","","","","",""
"プロジェクト一括登録１０１","development","s","マネージャ","リーダ","1","１株式会社","","","","","","",""
"プロジェクト一括登録１０２","development","s","マネージャ","リーダ","1","１株式会社","","","","","","",""
"プロジェクト一括登録１０３","development","s","マネージャ","リーダ","1","１株式会社","","","","","","",""
"プロジェクト一括登録１０４","development","s","マネージャ","リーダ","1","１株式会社","","","","","","",""
"プロジェクト一括登録１０５","development","s","マネージャ","リーダ","1","１株式会社","","","","","","",""
"プロジェクト一括登録１０６","development","s","マネージャ","リーダ","1","１株式会社","","","","","","",""
"プロジェクト一括登録１０７","development","s","マネージャ","リーダ","1","１株式会社","","","","","","",""
"プロジェクト一括登録１０８","development","s","マネージャ","リーダ","1","１株式会社","","","","","","",""
"プロジェクト一括登録１０９","development","s","マネージャ","リーダ","1","１株式会社","","","","","","",""
"プロジェクト一括登録１１０","development","s","マネージャ","リーダ","1","１株式会社","","","","","","",""
"プロジェクト一括登録１１１","development","s","マネージャ","リーダ","1","１株式会社","","","","","","",""
"プロジェクト一括登録１１２","development","s","マネージャ","リーダ","1","１株式会社","","","","","","",""
"プロジェクト一括登録１１３","development","s","マネージャ","リーダ","1","１株式会社","","","","","","",""
"プロジェクト一括登録１１４","development","s","マネージャ","リーダ","1","１株式会社","","","","","","",""
"プロジェクト一括登録１１５","development","s","マネージャ","リーダ","1","１株式会社","","","","","","",""
"プロジェクト一括登録１１６","development","s","マネージャ","リーダ","1","１株式会社","","","","","","",""
"プロジェクト一括登録１１７","development","s","マネージャ","リーダ","1","１株式会社","","","","","","",""
"プロジェクト一括登録１１８","development","s","マネージャ","リーダ","1","１株式会社","","","","","","",""
"プロジェクト一括登録１１９","development","s","マネージャ","リーダ","1","１株式会社","","","","","","",""
"プロジェクト一括登録１２０","development","s","マネージャ","リーダ","1","１株式会社","","","","","","",""
"プロジェクト一括登録１２１","development","s","マネージャ","リーダ","1","１株式会社","","","","","","",""
"プロジェクト一括登録１２２","development","s","マネージャ","リーダ","1","１株式会社","","","","","","",""
"プロジェクト一括登録１２３","development","s","マネージャ","リーダ","1","１株式会社","","","","","","",""
"プロジェクト一括登録１２４","development","s","マネージャ","リーダ","1","１株式会社","","","","","","",""
"プロジェクト一括登録１２５","development","s","マネージャ","リーダ","1","１株式会社","","","","","","",""
"プロジェクト一括登録１２６","development","s","マネージャ","リーダ","1","１株式会社","","","","","","",""
"プロジェクト一括登録１２７","development","s","マネージャ","リーダ","1","１株式会社","","","","","","",""
"プロジェクト一括登録１２８","development","s","マネージャ","リーダ","1","１株式会社","","","","","","",""
"プロジェクト一括登録１２９","development","s","マネージャ","リーダ","1","１株式会社","","","","","","",""
"プロジェクト一括登録１３０","development","s","マネージャ","リーダ","1","１株式会社","","","","","","",""
"プロジェクト一括登録１３１","development","s","マネージャ","リーダ","1","１株式会社","","","","","","",""
"プロジェクト一括登録１３２","development","s","マネージャ","リーダ","1","１株式会社","","","","","","",""
"プロジェクト一括登録１３３","development","s","マネージャ","リーダ","1","１株式会社","","","","","","",""
"プロジェクト一括登録１３４","development","s","マネージャ","リーダ","1","１株式会社","","","","","","",""
"プロジェクト一括登録１３５","development","s","マネージャ","リーダ","1","１株式会社","","","","","","",""
"プロジェクト一括登録１３６","development","s","マネージャ","リーダ","1","１株式会社","","","","","","",""
"プロジェクト一括登録１３７","development","s","マネージャ","リーダ","1","１株式会社","","","","","","",""
"プロジェクト一括登録１３８","development","s","マネージャ","リーダ","1","１株式会社","","","","","","",""
"プロジェクト一括登録１３９","development","s","マネージャ","リーダ","1","１株式会社","","","","","","",""
"プロジェクト一括登録１４０","development","s","マネージャ","リーダ","1","１株式会社","","","","","","",""
"プロジェクト一括登録１４１","development","s","マネージャ","リーダ","1","１株式会社","","","","","","",""
"プロジェクト一括登録１４２","development","s","マネージャ","リーダ","1","１株式会社","","","","","","",""
"プロジェクト一括登録１４３","development","s","マネージャ","リーダ","1","１株式会社","","","","","","",""
"プロジェクト一括登録１４４","development","s","マネージャ","リーダ","1","１株式会社","","","","","","",""
"プロジェクト一括登録１４５","development","s","マネージャ","リーダ","1","１株式会社","","","","","","",""
"プロジェクト一括登録１４６","development","s","マネージャ","リーダ","1","１株式会社","","","","","","",""
"プロジェクト一括登録１４７","development","s","マネージャ","リーダ","1","１株式会社","","","","","","",""
"プロジェクト一括登録１４８","development","s","マネージャ","リーダ","1","１株式会社","","","","","","",""
"プロジェクト一括登録１４９","development","s","マネージャ","リーダ","1","１株式会社","","","","","","",""
"プロジェクト一括登録１５０","development","s","マネージャ","リーダ","1","１株式会社","","","","","","",""
"プロジェクト一括登録１５１","development","s","マネージャ","リーダ","1","１株式会社","","","","","","",""
"プロジェクト一括登録１５２","development","s","マネージャ","リーダ","1","１株式会社","","","","","","",""
"プロジェクト一括登録１５３","development","s","マネージャ","リーダ","1","１株式会社","","","","","","",""
"プロジェクト一括登録１５４","development","s","マネージャ","リーダ","1","１株式会社","","","","","","",""
"プロジェクト一括登録１５５","development","s","マネージャ","リーダ","1","１株式会社","","","","","","",""
"プロジェクト一括登録１５６","development","s","マネージャ","リーダ","1","１株式会社","","","","","","",""
"プロジェクト一括登録１５７","development","s","マネージャ","リーダ","1","１株式会社","","","","","","",""
"プロジェクト一括登録１５８","development","s","マネージャ","リーダ","1","１株式会社","","","","","","",""
"プロジェクト一括登録１５９","development","s","マネージャ","リーダ","1","１株式会社","","","","","","",""
"プロジェクト一括登録１６０","development","s","マネージャ","リーダ","1","１株式会社","","","","","","",""
"プロジェクト一括登録１６１","development","s","マネージャ","リーダ","1","１株式会社","","","","","","",""
"プロジェクト一括登録１６２","development","s","マネージャ","リーダ","1","１株式会社","","","","","","",""
"プロジェクト一括登録１６３","development","s","マネージャ","リーダ","1","１株式会社","","","","","","",""
"プロジェクト一括登録１６４","development","s","マネージャ","リーダ","1","１株式会社","","","","","","",""
"プロジェクト一括登録１６５","development","s","マネージャ","リーダ","1","１株式会社","","","","","","",""
"プロジェクト一括登録１６６","development","s","マネージャ","リーダ","1","１株式会社","","","","","","",""
"プロジェクト一括登録１６７","development","s","マネージャ","リーダ","1","１株式会社","","","","","","",""
"プロジェクト一括登録１６８","development","s","マネージャ","リーダ","1","１株式会社","","","","","","",""
"プロジェクト一括登録１６９","development","s","マネージャ","リーダ","1","１株式会社","","","","","","",""
"プロジェクト一括登録１７０","development","s","マネージャ","リーダ","1","１株式会社","","","","","","",""
"プロジェクト一括登録１７１","development","s","マネージャ","リーダ","1","１株式会社","","","","","","",""
"プロジェクト一括登録１７２","development","s","マネージャ","リーダ","1","１株式会社","","","","","","",""
"プロジェクト一括登録１７３","development","s","マネージャ","リーダ","1","１株式会社","","","","","","",""
"プロジェクト一括登録１７４","development","s","マネージャ","リーダ","1","１株式会社","","","","","","",""
"プロジェクト一括登録１７５","development","s","マネージャ","リーダ","1","１株式会社","","","","","","",""
"プロジェクト一括登録１７６","development","s","マネージャ","リーダ","1","１株式会社","","","","","","",""
"プロジェクト一括登録１７７","development","s","マネージャ","リーダ","1","１株式会社","","","","","","",""
"プロジェクト一括登録１７８","development","s","マネージャ","リーダ","1","１株式会社","","","","","","",""
"プロジェクト一括登録１７９","development","s","マネージャ","リーダ","1","１株式会社","","","","","","",""
"プロジェクト一括登録１８０","development","s","マネージャ","リーダ","1","１株式会社","","","","","","",""
"プロジェクト一括登録１８１","development","s","マネージャ","リーダ","1","１株式会社","","","","","","",""
"プロジェクト一括登録１８２","development","s","マネージャ","リーダ","1","１株式会社","","","","","","",""
"プロジェクト一括登録１８３","development","s","マネージャ","リーダ","1","１株式会社","","","","","","",""
"プロジェクト一括登録１８４","development","s","マネージャ","リーダ","1","１株式会社","","","","","","",""
"プロジェクト一括登録１８５","development","s","マネージャ","リーダ","1","１株式会社","","","","","","",""
"プロジェクト一括登録１８６","development","s","マネージャ","リーダ","1","１株式会社","","","","","","",""
"プロジェクト一括登録１８７","development","s","マネージャ","リーダ","1","１株式会社","","","","","","",""
"プロジェクト一括登録１８８","development","s","マネージャ","リーダ","1","１株式会社","","","","","","",""
"プロジェクト一括登録１８９","development","s","マネージャ","リーダ","1","１株式会社","","","","","","",""
"プロジェクト一括登録１９０","development","s","マネージャ","リーダ","1","１株式会社","","","","","","",""
"プロジェクト一括登録１９１","development","s","マネージャ","リーダ","1","１株式会社","","","","","","",""
"プロジェクト一括登録１９２","development","s","マネージャ","リーダ","1","１株式会社","","","","","","",""
"プロジェクト一括登録１９３","development","s","マネージャ","リーダ","1","１株式会社","","","","","","",""
"プロジェクト一括登録１９４","development","s","マネージャ","リーダ","1","１株式会社","","","","","","",""
"プロジェクト一括登録１９５","development","s","マネージャ","リーダ","1","１株式会社","","","","","","",""
"プロジェクト一括登録１９６","development","s","マネージャ","リーダ","1","１株式会社","","","","","","",""
"プロジェクト一括登録１９７","development","s","マネージャ","リーダ","1","１株式会社","","","","","","",""
"プロジェクト一括登録１９８","development","s","マネージャ","リーダ","1","１株式会社","","","","","","",""
"プロジェクト一括登録１９９","development","s","マネージャ","リーダ","1","１株式会社","","","","","","",""
"プロジェクト一括登録２００","development","s","マネージャ","リーダ","1","１株式会社","","","","","","",""
"プロジェクト一括登録２０１","development","s","マネージャ","リーダ","1","１株式会社","","","","","","",""
"プロジェクト一括登録２０２","development","s","マネージャ","リーダ","1","１株式会社","","","","","","",""
"プロジェクト一括登録２０３","development","s","マネージャ","リーダ","1","１株式会社","","","","","","",""
"プロジェクト一括登録２０４","development","s","マネージャ","リーダ","1","１株式会社","","","","","","",""
"プロジェクト一括登録２０５","development","s","マネージャ","リーダ","1","１株式会社","","","","","","",""
"プロジェクト一括登録２０６","development","s","マネージャ","リーダ","1","１株式会社","","","","","","",""
"プロジェクト一括登録２０７","development","s","マネージャ","リーダ","1","１株式会社","","","","","","",""
"プロジェクト一括登録２０８","development","s","マネージャ","リーダ","1","１株式会社","","","","","","",""
"プロジェクト一括登録２０９","development","s","マネージャ","リーダ","1","１株式会社","","","","","","",""
"プロジェクト一括登録２１０","development","s","マネージャ","リーダ","1","１株式会社","","","","","","",""
"プロジェクト一括登録２１１","development","s","マネージャ","リーダ","1","１株式会社","","","","","","",""
"プロジェクト一括登録２１２","development","s","マネージャ","リーダ","1","１株式会社","","","","","","",""
"プロジェクト一括登録２１３","development","s","マネージャ","リーダ","1","１株式会社","","","","","","",""
"プロジェクト一括登録２１４","development","s","マネージャ","リーダ","1","１株式会社","","","","","","",""
"プロジェクト一括登録２１５","development","s","マネージャ","リーダ","1","１株式会社","","","","","","",""
"プロジェクト一括登録２１６","development","s","マネージャ","リーダ","1","１株式会社","","","","","","",""
"プロジェクト一括登録２１７","development","s","マネージャ","リーダ","1","１株式会社","","","","","","",""
"プロジェクト一括登録２１８","development","s","マネージャ","リーダ","1","１株式会社","","","","","","",""
"プロジェクト一括登録２１９","development","s","マネージャ","リーダ","1","１株式会社","","","","","","",""
"プロジェクト一括登録２２０","development","s","マネージャ","リーダ","1","１株式会社","","","","","","",""
"プロジェクト一括登録２２１","development","s","マネージャ","リーダ","1","１株式会社","","","","","","",""
"プロジェクト一括登録２２２","development","s","マネージャ","リーダ","1","１株式会社","","","","","","",""
"プロジェクト一括登録２２３","development","s","マネージャ","リーダ","1","１株式会社","","","","","","",""
"プロジェクト一括登録２２４","development","s","マネージャ","リーダ","1","１株式会社","","","","","","",""
"プロジェクト一括登録２２５","development","s","マネージャ","リーダ","1","１株式会社","","","","","","",""
"プロジェクト一括登録２２６","development","s","マネージャ","リーダ","1","１株式会社","","","","","","",""
"プロジェクト一括登録２２７","development","s","マネージャ","リーダ","1","１株式会社","","","","","","",""
"プロジェクト一括登録２２８","development","s","マネージャ","リーダ","1","１株式会社","","","","","","",""
"プロジェクト一括登録２２９","development","s","マネージャ","リーダ","1","１株式会社","","","","","","",""
"プロジェクト一括登録２３０","development","s","マネージャ","リーダ","1","１株式会社","","","","","","",""
"プロジェクト一括登録２３１","development","s","マネージャ","リーダ","1","１株式会社","","","","","","",""
"プロジェクト一括登録２３２","development","s","マネージャ","リーダ","1","１株式会社","","","","","","",""
"プロジェクト一括登録２３３","development","s","マネージャ","リーダ","1","１株式会社","","","","","","",""
"プロジェクト一括登録２３４","development","s","マネージャ","リーダ","1","１株式会社","","","","","","",""
"プロジェクト一括登録２３５","development","s","マネージャ","リーダ","1","１株式会社","","","","","","",""
"プロジェクト一括登録２３６","development","s","マネージャ","リーダ","1","１株式会社","","","","","","",""
"プロジェクト一括登録２３７","development","s","マネージャ","リーダ","1","１株式会社","","","","","","",""
"プロジェクト一括登録２３８","development","s","マネージャ","リーダ","1","１株式会社","","","","","","",""
"プロジェクト一括登録２３９","development","s","マネージャ","リーダ","1","１株式会社","","","","","","",""
"プロジェクト一括登録２４０","development","s","マネージャ","リーダ","1","１株式会社","","","","","","",""
"プロジェクト一括登録２４１","development","s","マネージャ","リーダ","1","１株式会社","","","","","","",""
"プロジェクト一括登録２４２","development","s","マネージャ","リーダ","1","１株式会社","","","","","","",""
"プロジェクト一括登録２４３","development","s","マネージャ","リーダ","1","１株式会社","","","","","","",""
"プロジェクト一括登録２４４","development","s","マネージャ","リーダ","1","１株式会社","","","","","","",""
"プロジェクト一括登録２４５","development","s","マネージャ","リーダ","1","１株式会社","","","","","","",""
"プロジェクト一括登録２４６","development","s","マネージャ","リーダ","1","１株式会社","","","","","","",""
"プロジェクト一括登録２４７","development","s","マネージャ","リーダ","1","１株式会社","","","","","","",""
"プロジェクト一括登録２４８","development","s","マネージャ","リーダ","1","１株式会社","","","","","","",""
"プロジェクト一括登録２４９","development","s","マネージャ","リーダ","1","１株式会社","","","","","","",""
"プロジェクト一括登録２５０","development","s","マネージャ","リーダ","1","１株式会社","","","","","","",""
"プロジェクト一括登録２５１","development","s","マネージャ","リーダ","1","１株式会社","","","","","","",""
"プロジェクト一括登録２５２","development","s","マネージャ","リーダ","1","１株式会社","","","","","","",""
"プロジェクト一括登録２５３","development","s","マネージャ","リーダ","1","１株式会社","","","","","","",""
"プロジェクト一括登録２５４","development","s","マネージャ","リーダ","1","１株式会社","","","","","","",""
"プロジェクト一括登録２５５","development","s","マネージャ","リーダ","1","１株式会社","","","","","","",""
"プロジェクト一括登録２５６","development","s","マネージャ","リーダ","1","１株式会社","","","","","","",""
"プロジェクト一括登録２５７","development","s","マネージャ","リーダ","1","１株式会社","","","","","","",""
"プロジェクト一括登録２５８","development","s","マネージャ","リーダ","1","１株式会社","","","","","","",""
"プロジェクト一括登録２５９","development","s","マネージャ","リーダ","1","１株式会社","","","","","","",""
"プロジェクト一括登録２６０","development","s","マネージャ","リーダ","1","１株式会社","","","","","","",""
"プロジェクト一括登録２６１","development","s","マネージャ","リーダ","1","１株式会社","","","","","","",""
"プロジェクト一括登録２６２","development","s","マネージャ","リーダ","1","１株式会社","","","","","","",""
"プロジェクト一括登録２６３","development","s","マネージャ","リーダ","1","１株式会社","","","","","","",""
"プロジェクト一括登録２６４","development","s","マネージャ","リーダ","1","１株式会社","","","","","","",""
"プロジェクト一括登録２６５","development","s","マネージャ","リーダ","1","１株式会社","","","","","","",""
"プロジェクト一括登録２６６","development","s","マネージャ","リーダ","1","１株式会社","","","","","","",""
"プロジェクト一括登録２６７","development","s","マネージャ","リーダ","1","１株式会社","","","","","","",""
"プロジェクト一括登録２６８","development","s","マネージャ","リーダ","1","１株式会社","","","","","","",""
"プロジェクト一括登録２６９","development","s","マネージャ","リーダ","1","１株式会社","","","","","","",""
"プロジェクト一括登録２７０","development","s","マネージャ","リーダ","1","１株式会社","","","","","","",""
"プロジェクト一括登録２７１","development","s","マネージャ","リーダ","1","１株式会社","","","","","","",""
"プロジェクト一括登録２７２","development","s","マネージャ","リーダ","1","１株式会社","","","","","","",""
"プロジェクト一括登録２７３","development","s","マネージャ","リーダ","1","１株式会社","","","","","","",""
"プロジェクト一括登録２７４","development","s","マネージャ","リーダ","1","１株式会社","","","","","","",""
"プロジェクト一括登録２７５","development","s","マネージャ","リーダ","1","１株式会社","","","","","","",""
"プロジェクト一括登録２７６","development","s","マネージャ","リーダ","1","１株式会社","","","","","","",""
"プロジェクト一括登録２７７","development","s","マネージャ","リーダ","1","１株式会社","","","","","","",""
"プロジェクト一括登録２７８","development","s","マネージャ","リーダ","1","１株式会社","","","","","","",""
"プロジェクト一括登録２７９","development","s","マネージャ","リーダ","1","１株式会社","","","","","","",""
"プロジェクト一括登録２８０","development","s","マネージャ","リーダ","1","１株式会社","","","","","","",""
"プロジェクト一括登録２８１","development","s","マネージャ","リーダ","1","１株式会社","","","","","","",""
"プロジェクト一括登録２８２","development","s","マネージャ","リーダ","1","１株式会社","","","","","","",""
"プロジェクト一括登録２８３","development","s","マネージャ","リーダ","1","１株式会社","","","","","","",""
"プロジェクト一括登録２８４","development","s","マネージャ","リーダ","1","１株式会社","","","","","","",""
"プロジェクト一括登録２８５","development","s","マネージャ","リーダ","1","１株式会社","","","","","","",""
"プロジェクト一括登録２８６","development","s","マネージャ","リーダ","1","１株式会社","","","","","","",""
"プロジェクト一括登録２８７","development","s","マネージャ","リーダ","1","１株式会社","","","","","","",""
"プロジェクト一括登録２８８","development","s","マネージャ","リーダ","1","１株式会社","","","","","","",""
"プロジェクト一括登録２８９","development","s","マネージャ","リーダ","1","１株式会社","","","","","","",""
"プロジェクト一括登録２９０","development","s","マネージャ","リーダ","1","１株式会社","","","","","","",""
"プロジェクト一括登録２９１","development","s","マネージャ","リーダ","1","１株式会社","","","","","","",""
"プロジェクト一括登録２９２","development","s","マネージャ","リーダ","1","１株式会社","","","","","","",""
"プロジェクト一括登録２９３","development","s","マネージャ","リーダ","1","１株式会社","","","","","","",""
"プロジェクト一括登録２９４","development","s","マネージャ","リーダ","1","１株式会社","","","","","","",""
"プロジェクト一括登録２９５","development","s","マネージャ","リーダ","1","１株式会社","","","","","","",""
"プロジェクト一括登録２９６","development","s","マネージャ","リーダ","1","１株式会社","","","","","","",""
"プロジェクト一括登録２９７","development","s","マネージャ","リーダ","1","１株式会社","","","","","","",""
"プロジェクト一括登録２９８","development","s","マネージャ","リーダ","1","１株式会社","","","","","","",""
"プロジェクト一括登録２９９","development","s","マネージャ","リーダ","1","１株式会社","","","","","","",""
"プロジェクト一括登録３００","development","s","マネージャ","リーダ","1","１株式会社","","","","","","",""
